名前,タグ,ライター,公開日,公開
開発効率アップ！デュアルモニター購入補助制度の活用事例,"チーム, 福利厚生",日暮里 舞,2026年4月25日,Yes
データベースをマルチAZ構成に変更した背景,"DB, インフラ",鶯谷 誠一,2026年4月22日,Yes
初めてのLT登壇を終えて：技術を言語化する難しさ,"キャリア, 振り返り",上野 浩二,2026年4月18日,Yes
CloudWatch Logsのコストを50%削減したログレベルの調整,"AWS, コスト削減",御徒町 紀子,2026年4月14日,Yes
顧客向けダッシュボードのリアーキテクチャ計画始動,"プロジェクト紹介, 設計",秋葉原 健,2026年4月10日,Yes
4月入社の新卒メンバー向けオリエン資料をアップデートしました,"オンボーディング, チーム",神田 順平,2026年4月5日,Yes
特定の条件下でStep Functionsが無限ループに陥る不具合の修正,"AWS, バグフィックス",東京 幸子,2026年4月2日,Yes
ステート管理をReduxからZustandへ移行した理由,フロントエンド,有楽町 太郎,2026年3月28日,Yes
GitのコミットメッセージをAIに下書きさせるスクリプト,"Git, Tips",新橋 鉄平,2026年3月25日,Yes
社内向けAIチャットボット「AI-Assistant」リリースのお知らせ,"AI, プロジェクト紹介",浜松町 隆一,2026年3月22日,Yes
入社3ヶ月振り返り：モダンなスタックに揉まれて学んだこと,"キャリア, 振り返り",田町 玲奈,2026年3月18日,Yes
S3の署名付きURLが特定のブラウザで期限切れになる問題の解消,"AWS, バグフィックス",品川 健太,2026年3月15日,Yes
毎週水曜日の「もくもくランチ会」を始めて1ヶ月の感想,"カルチャー, チーム",五反田 結衣,2026年3月10日,Yes
なぜバックエンドにGoを採用したのか？ 選定理由と現状,バックエンド,大崎 一郎,2026年3月8日,Yes
ESLint+Prettierの設定を見直して「保存時の自動修正」を徹底させた,"Tips, フロントエンド",恵比寿 五郎,2026年3月5日,Yes
